image_name,bboxs_coords
demo/1.png,"[array([[729.35266   , 331.99667   , 861.4321    , 665.8655    ,
          0.99980956],
       [425.78937   , 374.00415   , 492.94263   , 528.2515    ,
          0.99953544],
       [853.32666   , 311.53146   , 980.5259    , 661.2195    ,
          0.99946207],
       [178.30516   , 379.60193   , 240.25288   , 544.9344    ,
          0.9994287 ]], dtype=float32)]"
demo/2.png,"[array([[1.2235798e+03, 4.1452423e+02, 1.2635217e+03, 5.1680194e+02,
        9.9952018e-01],
       [1.1643774e+03, 4.2378607e+02, 1.2027981e+03, 5.1421698e+02,
        9.9936241e-01],
       [7.5416458e+01, 4.0733459e+02, 1.4164177e+02, 5.7385199e+02,
        9.9918526e-01],
       [1.5735959e+03, 4.0298947e+02, 1.6133093e+03, 5.0531955e+02,
        9.9906832e-01]], dtype=float32)]"
demo/3.png,"[array([[503.05386   , 180.07153   , 518.77484   , 222.02245   ,
          0.99611217],
       [565.7491    , 176.04689   , 595.25604   , 250.95049   ,
          0.99558747],
       [475.33755   , 178.1209    , 493.31775   , 225.82922   ,
          0.9911663 ],
       [547.6875    , 185.69534   , 564.4667    , 229.05911   ,
          0.97692275]], dtype=float32)]"
